Year,Month,Mon,Station,Gear,Catch,Effort
1998,Apr,4,47,Fyke,0.114,553
1998,Apr,4,47,Gillnet,15.492,39964
1998,Apr,4,51,Gillnet,12.475,28309
1998,Apr,4,52,Fyke,0.113,457
1998,Apr,4,52,Gillnet,24.249,34206
1999,Apr,4,47,Fyke,0.184,213
1999,Apr,4,47,Gillnet,6.795,32298
1999,Apr,4,51,Gillnet,7.062,29886
1999,Apr,4,52,Fyke,0.202,1165
1999,Apr,4,52,Gillnet,8.756,30078
2000,Apr,4,47,Fyke,0.206,338
2000,Apr,4,47,Gillnet,11.622,37931
2000,Apr,4,51,Gillnet,12.284,42024
2000,Apr,4,51,Trawl,0.002,1
2000,Apr,4,52,Fyke,0.149,602
2000,Apr,4,52,Gillnet,14.792,37817
2001,Apr,4,47,Fyke,0.216,487
2001,Apr,4,47,Gillnet,9.299,36097
2001,Apr,4,51,Gillnet,9.192,39523
2001,Apr,4,52,Fyke,0.032,307
2001,Apr,4,52,Gillnet,11.109,33174
2002,Apr,4,47,Fyke,0.277,526
2002,Apr,4,47,Gillnet,13.942,34574
2002,Apr,4,51,Fyke,0.082,41
2002,Apr,4,51,Gillnet,11.154,37307
2002,Apr,4,52,Fyke,0.151,408
2002,Apr,4,52,Gillnet,13.029,30498
2003,Apr,4,47,Fyke,0.271,690
2003,Apr,4,47,Gillnet,11.573,32542
2003,Apr,4,51,Gillnet,9.292,31213
2003,Apr,4,52,Fyke,0.128,376
2003,Apr,4,52,Gillnet,12.573,27652
2004,Apr,4,47,Fyke,1.019,1414
2004,Apr,4,47,Gillnet,24.245,45155
2004,Apr,4,51,Fyke,0.012,548
2004,Apr,4,51,Gillnet,12.158,35163
2004,Apr,4,52,Fyke,0.225,371
2004,Apr,4,52,Gillnet,16.167,37844
2005,Apr,4,47,Fyke,1.657,2100
2005,Apr,4,47,Gillnet,25.574,50611
2005,Apr,4,51,Fyke,0.107,48
2005,Apr,4,51,Gillnet,8.069,32267
2005,Apr,4,52,Fyke,0.188,263
2005,Apr,4,52,Gillnet,15.12,40682
2006,Apr,4,47,Fyke,0.121,1444
2006,Apr,4,47,Gillnet,5.457,25061
2006,Apr,4,51,Gillnet,1.429,10767
2006,Apr,4,52,Fyke,0.154,299
2006,Apr,4,52,Gillnet,9.126,24556
2007,Apr,4,47,Fyke,0.26,1394
2007,Apr,4,47,Gillnet,14.825,42453
2007,Apr,4,51,Fyke,0.188,204
2007,Apr,4,51,Gillnet,6.199,23053
2007,Apr,4,52,Fyke,0.991,234
2007,Apr,4,52,Gillnet,20.521,43685
2008,Apr,4,47,Fyke,0.927,1472
2008,Apr,4,47,Gillnet,10.098,40357
2008,Apr,4,51,Fyke,0.14,303
2008,Apr,4,51,Gillnet,3.834,19443
2008,Apr,4,52,Fyke,1.026,457
2008,Apr,4,52,Gillnet,16.276,36338
2009,Apr,4,47,Fyke,0.13,532
2009,Apr,4,47,Gillnet,8.069,39624
2009,Apr,4,51,Fyke,0.031,136
2009,Apr,4,51,Gillnet,1.933,16457
2009,Apr,4,52,Fyke,0.608,296
2009,Apr,4,52,Gillnet,15.001,44721
2010,Apr,4,47,Fyke,0.102,373
2010,Apr,4,47,Gillnet,5.017,24545
2010,Apr,4,51,Fyke,0.175,17
2010,Apr,4,51,Gillnet,1.758,10613
2010,Apr,4,52,Fyke,0.254,327
2010,Apr,4,52,Gillnet,10.438,38467
2011,Apr,4,47,Fyke,0.137,472
2011,Apr,4,47,Gillnet,8.529,26779
2011,Apr,4,51,Fyke,0.21,10
2011,Apr,4,51,Gillnet,4.16,12758
2011,Apr,4,52,Fyke,0.22,199
2011,Apr,4,52,Gillnet,8.69,28385
2012,Apr,4,47,Fyke,0.593,1313
2012,Apr,4,47,Gillnet,15.822,46215
2012,Apr,4,47,Others,0.024,67
2012,Apr,4,51,Gillnet,3.222,14290
2012,Apr,4,52,Fyke,1.455,311
2012,Apr,4,52,Gillnet,23.168,44679
2013,Apr,4,47,Fyke,0.054,297
2013,Apr,4,47,Gillnet,6.606,22728
2013,Apr,4,51,Gillnet,1.615,3233
2013,Apr,4,52,Fyke,0.074,186
2013,Apr,4,52,Gillnet,5.637,15690
2014,Apr,4,47,Fyke,0.644,2137
2014,Apr,4,47,Gillnet,8.736,43481
2014,Apr,4,51,Fyke,0.051,21
2014,Apr,4,51,Gillnet,0.467,6384
2014,Apr,4,52,Fyke,0.985,474
2014,Apr,4,52,Gillnet,8.586,36659
2014,Apr,4,52,Others,0.004,9
2015,Apr,4,47,Fyke,0.148,1279
2015,Apr,4,47,Gillnet,13.829,37396
2015,Apr,4,51,Fyke,0.148,330
2015,Apr,4,51,Gillnet,0.102,2624
2015,Apr,4,52,Fyke,0.874,330
2015,Apr,4,52,Gillnet,8.439,29265
2016,Apr,4,47,Fyke,0.201,882
2016,Apr,4,47,Gillnet,14.759,34467
2016,Apr,4,51,Gillnet,2.36,5473
2016,Apr,4,52,Fyke,0.691,449
2016,Apr,4,52,Gillnet,8.907,24743
2017,Apr,4,47,Fyke,0.472,1181
2017,Apr,4,47,Gillnet,14.223,32166
2017,Apr,4,51,Fyke,0.03,20
2017,Apr,4,51,Gillnet,5.678,8335
2017,Apr,4,51,Line,0.011,20
2017,Apr,4,52,Fyke,0.461,315
2017,Apr,4,52,Gillnet,9.496,27556
2018,Apr,4,47,Fyke,0.163,427
2018,Apr,4,47,Gillnet,6.617,15732
2018,Apr,4,47,Others,0.005,400
2018,Apr,4,51,Fyke,0.004,32
2018,Apr,4,51,Gillnet,0.403,2046
2018,Apr,4,52,Fyke,0.175,150
2018,Apr,4,52,Gillnet,3.662,14634
2019,Apr,4,47,Fyke,0.203,2158
2019,Apr,4,47,Gillnet,9.152,34647
2019,Apr,4,51,Fyke,0.001,60
2019,Apr,4,51,Gillnet,0.48,2211
2019,Apr,4,52,Fyke,0.356,290
2019,Apr,4,52,Gillnet,7.36,13553
2019,Apr,4,52,Others,0.016,8
2020,Apr,4,47,Fyke,0.042,1410
2020,Apr,4,47,Gillnet,6.375,25903
2020,Apr,4,47,Line,0.01,300
2020,Apr,4,51,Gillnet,0.484,1926
2020,Apr,4,52,Fyke,0.345,219
2020,Apr,4,52,Gillnet,3.804,10004
1998,Aug,8,47,Fyke,0.023,56
1998,Aug,8,47,Gillnet,0.114,3224
1998,Aug,8,51,Gillnet,0.112,3912
1998,Aug,8,52,Fyke,0.027,182
1998,Aug,8,52,Gillnet,1.664,6879
1998,Aug,8,52,Others,0.018,61
1999,Aug,8,47,Fyke,0.063,154
1999,Aug,8,47,Gillnet,0.199,1934
1999,Aug,8,51,Gillnet,0.19,4566
1999,Aug,8,52,Fyke,0.012,138
1999,Aug,8,52,Gillnet,4.226,8157
1999,Aug,8,52,Others,0.017,11
2000,Aug,8,47,Fyke,0.043,148
2000,Aug,8,47,Gillnet,0.391,4242
2000,Aug,8,51,Fyke,0.007,34
2000,Aug,8,51,Gillnet,0.102,4151
2000,Aug,8,52,Fyke,0.083,755
2000,Aug,8,52,Gillnet,1.024,6454
2000,Aug,8,52,Others,0.012,252
2001,Aug,8,47,Fyke,0.049,64
2001,Aug,8,47,Gillnet,0.192,3493
2001,Aug,8,51,Gillnet,0.072,2912
2001,Aug,8,52,Fyke,0.009,106
2001,Aug,8,52,Gillnet,1.239,4860
2001,Aug,8,52,Others,0.011,1
2002,Aug,8,47,Fyke,0.033,136
2002,Aug,8,47,Gillnet,0.324,8979
2002,Aug,8,51,Gillnet,0.045,1502
2002,Aug,8,51,Others,0.012,5
2002,Aug,8,52,Fyke,0.034,148
2002,Aug,8,52,Gillnet,0.597,3713
2003,Aug,8,47,Fyke,0.42,414
2003,Aug,8,47,Gillnet,3.663,19612
2003,Aug,8,51,Gillnet,0.312,3720
2003,Aug,8,52,Fyke,0.037,148
2003,Aug,8,52,Gillnet,4.004,6954
2003,Aug,8,52,Others,0.066,11
2004,Aug,8,47,Fyke,0.303,438
2004,Aug,8,47,Gillnet,1.53,12527
2004,Aug,8,47,Line,0.033,56
2004,Aug,8,51,Gillnet,0.052,1581
2004,Aug,8,52,Fyke,0.281,153
2004,Aug,8,52,Gillnet,1.209,5754
2005,Aug,8,47,Fyke,0.195,338
2005,Aug,8,47,Gillnet,1.575,19290
2005,Aug,8,51,Fyke,0.001,19
2005,Aug,8,51,Gillnet,0.053,1350
2005,Aug,8,51,Line,0.005,11
2005,Aug,8,52,Fyke,0.134,225
2005,Aug,8,52,Gillnet,2.848,8023
2006,Aug,8,47,Fyke,0.143,426
2006,Aug,8,47,Gillnet,0.796,14432
2006,Aug,8,51,Gillnet,0.082,1498
2006,Aug,8,52,Fyke,0.08,185
2006,Aug,8,52,Gillnet,1.849,5927
2007,Aug,8,47,Fyke,0.024,81
2007,Aug,8,47,Gillnet,0.496,12419
2007,Aug,8,51,Fyke,0.011,8
2007,Aug,8,51,Gillnet,0.031,1108
2007,Aug,8,52,Fyke,0.039,120
2007,Aug,8,52,Gillnet,1.303,7746
2008,Aug,8,47,Fyke,0.074,188
2008,Aug,8,47,Gillnet,0.537,16831
2008,Aug,8,47,Others,0.003,3289
2008,Aug,8,51,Gillnet,0.043,1783
2008,Aug,8,52,Fyke,0.082,114
2008,Aug,8,52,Gillnet,1.025,5884
2009,Aug,8,47,Fyke,0.007,111
2009,Aug,8,47,Gillnet,0.441,11453
2009,Aug,8,47,Others,0.008,42
2009,Aug,8,51,Gillnet,0.049,2149
2009,Aug,8,52,Fyke,0.017,81
2009,Aug,8,52,Gillnet,0.728,5473
2009,Aug,8,52,Others,0.016,1
2010,Aug,8,47,Fyke,0.045,122
2010,Aug,8,47,Gillnet,0.837,28131
2010,Aug,8,51,Gillnet,0.08,3515
2010,Aug,8,52,Fyke,0.182,100
2010,Aug,8,52,Gillnet,0.797,5859
2011,Aug,8,47,Fyke,0.107,180
2011,Aug,8,47,Gillnet,0.798,15319
2011,Aug,8,47,Line,0.001,210
2011,Aug,8,47,Others,0.004,44
2011,Aug,8,51,Gillnet,0.05,2214
2011,Aug,8,52,Fyke,0.026,65
2011,Aug,8,52,Gillnet,1.513,6582
2012,Aug,8,47,Fyke,0.109,240
2012,Aug,8,47,Gillnet,0.698,15811
2012,Aug,8,47,Others,0.003,13
2012,Aug,8,51,Gillnet,0.153,2305
2012,Aug,8,52,Fyke,0.324,156
2012,Aug,8,52,Gillnet,1.263,6717
2013,Aug,8,47,Fyke,0.136,283
2013,Aug,8,47,Gillnet,0.481,11071
2013,Aug,8,47,Others,0.002,6
2013,Aug,8,51,Gillnet,0.218,3054
2013,Aug,8,52,Fyke,0.269,158
2013,Aug,8,52,Gillnet,0.697,4932
2014,Aug,8,47,Fyke,0.052,330
2014,Aug,8,47,Gillnet,1.012,14291
2014,Aug,8,51,Gillnet,0.068,2414
2014,Aug,8,52,Fyke,0.104,159
2014,Aug,8,52,Gillnet,0.595,3684
2014,Aug,8,52,Others,0.002,3
2015,Aug,8,47,Fyke,0.094,266
2015,Aug,8,47,Gillnet,0.223,8957
2015,Aug,8,51,Fyke,0.01,300
2015,Aug,8,51,Gillnet,0.099,1916
2015,Aug,8,52,Fyke,0.416,215
2015,Aug,8,52,Gillnet,0.395,2868
2016,Aug,8,47,Fyke,0.036,220
2016,Aug,8,47,Gillnet,0.645,13994
2016,Aug,8,51,Gillnet,0.031,1105
2016,Aug,8,52,Fyke,0.49,186
2016,Aug,8,52,Gillnet,0.731,2756
2017,Aug,8,47,Fyke,0.028,209
2017,Aug,8,47,Gillnet,0.546,8324
2017,Aug,8,51,Gillnet,0.072,1270
2017,Aug,8,52,Fyke,0.328,217
2017,Aug,8,52,Gillnet,0.446,2776
2017,Aug,8,52,Others,0.02,8
2018,Aug,8,47,Fyke,0.017,121
2018,Aug,8,47,Gillnet,0.596,11342
2018,Aug,8,47,Line,0.01,300
2018,Aug,8,51,Gillnet,0.079,2228
2018,Aug,8,52,Fyke,0.712,442
2018,Aug,8,52,Gillnet,0.373,2026
2018,Aug,8,52,Others,0.02,6
2019,Aug,8,47,Fyke,0.013,24
2019,Aug,8,47,Gillnet,0.25,8524
2019,Aug,8,47,Line,0.01,400
2019,Aug,8,51,Gillnet,0.169,2184
2019,Aug,8,52,Fyke,0.48,124
2019,Aug,8,52,Gillnet,0.227,1730
2019,Aug,8,52,Line,0.027,20
2019,Aug,8,52,Others,0.035,12
2020,Aug,8,47,Fyke,0.022,138
2020,Aug,8,47,Gillnet,0.643,11911
2020,Aug,8,51,Gillnet,0.163,2510
2020,Aug,8,52,Fyke,0.965,186
2020,Aug,8,52,Gillnet,0.585,2203
1998,Dec,12,47,Gillnet,3.163,10448
1998,Dec,12,51,Gillnet,4.978,12418
1998,Dec,12,52,Fyke,0.046,286
1998,Dec,12,52,Gillnet,14.165,25615
1999,Dec,12,47,Gillnet,3.588,12397
1999,Dec,12,51,Gillnet,7.485,16583
1999,Dec,12,52,Fyke,0.002,69
1999,Dec,12,52,Gillnet,15.829,24341
2000,Dec,12,47,Gillnet,11.099,25624
2000,Dec,12,51,Gillnet,13.452,32726
2000,Dec,12,52,Fyke,0.027,168
2000,Dec,12,52,Gillnet,15.221,31376
2001,Dec,12,47,Fyke,0.005,68
2001,Dec,12,47,Gillnet,9.529,22885
2001,Dec,12,51,Gillnet,5.963,13954
2001,Dec,12,52,Fyke,0.024,317
2001,Dec,12,52,Gillnet,13.761,22495
2002,Dec,12,47,Gillnet,11.311,27960
2002,Dec,12,51,Gillnet,6.54,14372
2002,Dec,12,52,Fyke,0.054,162
2002,Dec,12,52,Gillnet,6.602,13367
2003,Dec,12,47,Fyke,0.1,144
2003,Dec,12,47,Gillnet,15.306,25337
2003,Dec,12,47,Others,0.033,13
2003,Dec,12,51,Gillnet,2.261,9543
2003,Dec,12,52,Fyke,0.131,172
2003,Dec,12,52,Gillnet,14.006,28589
2004,Dec,12,47,Fyke,0.221,947
2004,Dec,12,47,Gillnet,9.198,22997
2004,Dec,12,51,Gillnet,1.124,7084
2004,Dec,12,52,Fyke,0.227,196
2004,Dec,12,52,Gillnet,7.772,20636
2004,Dec,12,52,Line,0.001,18
2005,Dec,12,47,Fyke,0.024,396
2005,Dec,12,47,Gillnet,9.158,19499
2005,Dec,12,47,Others,0.204,21
2005,Dec,12,51,Fyke,0.29,13
2005,Dec,12,51,Gillnet,1.261,5347
2005,Dec,12,52,Fyke,0.096,243
2005,Dec,12,52,Gillnet,4.029,15191
2006,Dec,12,47,Fyke,0.142,133
2006,Dec,12,47,Gillnet,11.642,30612
2006,Dec,12,47,Others,0.086,13
2006,Dec,12,51,Gillnet,1.493,5104
2006,Dec,12,52,Fyke,0.365,363
2006,Dec,12,52,Gillnet,11.594,26267
2007,Dec,12,47,Fyke,0.038,128
2007,Dec,12,47,Gillnet,10.294,27941
2007,Dec,12,47,Others,0.017,7
2007,Dec,12,51,Fyke,0.237,20
2007,Dec,12,51,Gillnet,1.173,6691
2007,Dec,12,52,Fyke,0.924,409
2007,Dec,12,52,Gillnet,13.454,28918
2008,Dec,12,47,Fyke,0.001,33
2008,Dec,12,47,Gillnet,5.23,21974
2008,Dec,12,51,Fyke,0.185,17
2008,Dec,12,51,Gillnet,2.337,4375
2008,Dec,12,52,Fyke,0.265,290
2008,Dec,12,52,Gillnet,8.597,20977
2009,Dec,12,47,Fyke,0.244,22
2009,Dec,12,47,Gillnet,5.518,20416
2009,Dec,12,51,Gillnet,0.641,4517
2009,Dec,12,52,Fyke,0.339,253
2009,Dec,12,52,Gillnet,5.987,19873
2009,Dec,12,52,Others,0.068,15
2010,Dec,12,47,Fyke,0.159,97
2010,Dec,12,47,Gillnet,6.524,26985
2010,Dec,12,51,Gillnet,0.363,5570
2010,Dec,12,52,Fyke,0.143,28
2010,Dec,12,52,Gillnet,4.781,11653
2011,Dec,12,47,Fyke,0.632,103
2011,Dec,12,47,Gillnet,13.528,22752
2011,Dec,12,51,Gillnet,0.765,1498
2011,Dec,12,52,Fyke,0.558,271
2011,Dec,12,52,Gillnet,14.048,25874
2011,Dec,12,52,Others,0.037,8
2012,Dec,12,47,Fyke,0.136,551
2012,Dec,12,47,Gillnet,2.163,6965
2012,Dec,12,51,Gillnet,0.032,843
2012,Dec,12,52,Fyke,0.327,155
2012,Dec,12,52,Gillnet,2.975,10790
2013,Dec,12,47,Fyke,0.073,102
2013,Dec,12,47,Gillnet,6.154,18503
2013,Dec,12,51,Gillnet,2.093,1649
2013,Dec,12,52,Fyke,0.826,355
2013,Dec,12,52,Gillnet,4.259,15294
2014,Dec,12,47,Fyke,1.819,265
2014,Dec,12,47,Gillnet,8.322,19184
2014,Dec,12,51,Gillnet,3.149,4024
2014,Dec,12,52,Fyke,0.824,414
2014,Dec,12,52,Gillnet,3.658,15965
2014,Dec,12,52,Others,0.011,13
2015,Dec,12,47,Fyke,0.197,300
2015,Dec,12,47,Gillnet,7.382,20218
2015,Dec,12,51,Gillnet,0.002,24
2015,Dec,12,52,Fyke,0.707,382
2015,Dec,12,52,Gillnet,4.325,12232
2015,Dec,12,52,Others,0.022,4
2016,Dec,12,47,Fyke,0.624,2445
2016,Dec,12,47,Gillnet,2.682,5495
2016,Dec,12,51,Gillnet,2.408,3675
2016,Dec,12,52,Fyke,0.288,217
2016,Dec,12,52,Gillnet,2.157,6907
2017,Dec,12,47,Gillnet,4.692,22564
2017,Dec,12,51,Gillnet,0.974,1240
2017,Dec,12,52,Fyke,0.215,155
2017,Dec,12,52,Gillnet,2.133,9486
2018,Dec,12,47,Fyke,0.015,12
2018,Dec,12,47,Gillnet,6.351,23077
2018,Dec,12,47,Line,0.01,200
2018,Dec,12,51,Gillnet,0.042,200
2018,Dec,12,52,Fyke,0.3,202
2018,Dec,12,52,Gillnet,4.508,9193
2018,Dec,12,52,Others,0.045,8
2019,Dec,12,47,Gillnet,4.682,14319
2019,Dec,12,47,Line,0.01,300
2019,Dec,12,51,Gillnet,0.093,38
2019,Dec,12,52,Fyke,0.1,155
2019,Dec,12,52,Gillnet,5.734,8481
2019,Dec,12,52,Others,0.012,6
2020,Dec,12,47,Gillnet,7.933,19664
2020,Dec,12,51,Gillnet,1.55,789
2020,Dec,12,52,Fyke,0.085,162
2020,Dec,12,52,Gillnet,5.375,8864
1998,Feb,2,47,Gillnet,2.021,16268
1998,Feb,2,47,Line,0.012,1876
1998,Feb,2,51,Gillnet,3.514,10453
1998,Feb,2,52,Gillnet,6.17,12862
1999,Feb,2,47,Gillnet,1.141,20091
1999,Feb,2,47,Line,0.002,1040
1999,Feb,2,51,Gillnet,1.209,12071
1999,Feb,2,51,Line,0.022,37
1999,Feb,2,52,Gillnet,2.658,15921
2000,Feb,2,47,Fyke,0.003,157
2000,Feb,2,47,Gillnet,3.386,31733
2000,Feb,2,47,Line,0.001,1221
2000,Feb,2,51,Gillnet,2.678,18358
2000,Feb,2,52,Fyke,0.023,157
2000,Feb,2,52,Gillnet,4.056,15037
2001,Feb,2,47,Gillnet,1.08,18523
2001,Feb,2,51,Gillnet,0.801,15894
2001,Feb,2,52,Gillnet,1.934,14089
2002,Feb,2,47,Gillnet,1.873,30459
2002,Feb,2,51,Gillnet,1.104,15916
2002,Feb,2,52,Fyke,0.022,411
2002,Feb,2,52,Gillnet,3.028,13190
2003,Feb,2,47,Fyke,0.152,444
2003,Feb,2,47,Gillnet,5.976,48618
2003,Feb,2,51,Gillnet,6.412,37493
2003,Feb,2,52,Fyke,0.037,166
2003,Feb,2,52,Gillnet,8.733,28108
2004,Feb,2,47,Fyke,0.019,716
2004,Feb,2,47,Gillnet,9.788,49809
2004,Feb,2,51,Fyke,0.022,273
2004,Feb,2,51,Gillnet,5.958,27886
2004,Feb,2,52,Fyke,0.04,240
2004,Feb,2,52,Gillnet,10.056,30251
2005,Feb,2,47,Fyke,0.01,60
2005,Feb,2,47,Gillnet,9.222,34230
2005,Feb,2,51,Gillnet,1.89,15739
2005,Feb,2,52,Fyke,0.05,163
2005,Feb,2,52,Gillnet,3.66,16644
2006,Feb,2,47,Gillnet,4.924,44638
2006,Feb,2,51,Gillnet,1.028,16239
2006,Feb,2,52,Fyke,0.037,281
2006,Feb,2,52,Gillnet,5.683,32612
2007,Feb,2,47,Gillnet,9.091,47865
2007,Feb,2,51,Gillnet,1.732,9788
2007,Feb,2,52,Fyke,0.072,248
2007,Feb,2,52,Gillnet,8.826,20664
2008,Feb,2,47,Fyke,0.006,92
2008,Feb,2,47,Gillnet,4.183,12989
2008,Feb,2,51,Gillnet,2.45,3906
2008,Feb,2,52,Fyke,0.21,308
2008,Feb,2,52,Gillnet,5.143,11202
2009,Feb,2,47,Fyke,0.005,59
2009,Feb,2,47,Gillnet,4.44,48736
2009,Feb,2,51,Gillnet,0.358,8763
2009,Feb,2,52,Fyke,0.047,117
2009,Feb,2,52,Gillnet,3.106,13692
2010,Feb,2,47,Gillnet,1.992,36941
2010,Feb,2,51,Gillnet,0.333,11673
2010,Feb,2,52,Fyke,0.015,152
2010,Feb,2,52,Gillnet,4.081,23307
2011,Feb,2,47,Gillnet,3.02,31045
2011,Feb,2,51,Gillnet,0.303,6639
2011,Feb,2,52,Gillnet,3.594,18564
2012,Feb,2,47,Gillnet,10.683,43856
2012,Feb,2,51,Gillnet,1.731,7584
2012,Feb,2,52,Fyke,0.005,63
2012,Feb,2,52,Gillnet,6.035,16789
2013,Feb,2,47,Fyke,0.041,174
2013,Feb,2,47,Gillnet,3.421,35226
2013,Feb,2,51,Gillnet,0.685,8136
2013,Feb,2,52,Fyke,0.048,174
2013,Feb,2,52,Gillnet,3.937,14022
2014,Feb,2,47,Fyke,0.005,30
2014,Feb,2,47,Gillnet,4.432,32028
2014,Feb,2,51,Gillnet,0.598,8204
2014,Feb,2,52,Fyke,0.074,201
2014,Feb,2,52,Gillnet,3.487,14875
2015,Feb,2,47,Fyke,0.004,28
2015,Feb,2,47,Gillnet,4.826,19222
2015,Feb,2,51,Gillnet,0.057,193
2015,Feb,2,52,Fyke,0.144,168
2015,Feb,2,52,Gillnet,2.154,7092
2016,Feb,2,47,Gillnet,2.997,20867
2016,Feb,2,51,Gillnet,0.347,1542
2016,Feb,2,52,Fyke,0.057,145
2016,Feb,2,52,Gillnet,2.802,8706
2017,Feb,2,47,Gillnet,2.391,21554
2017,Feb,2,51,Gillnet,0.761,3712
2017,Feb,2,52,Fyke,0.058,140
2017,Feb,2,52,Gillnet,2.447,12580
2017,Feb,2,52,Line,0.009,560
2018,Feb,2,47,Gillnet,3.006,21839
2018,Feb,2,51,Gillnet,0.331,1656
2018,Feb,2,52,Fyke,0.025,140
2018,Feb,2,52,Gillnet,2.11,9336
2019,Feb,2,47,Fyke,0.001,28
2019,Feb,2,47,Gillnet,1.663,19116
2019,Feb,2,51,Gillnet,0.156,240
2019,Feb,2,52,Fyke,0.043,140
2019,Feb,2,52,Gillnet,1.827,4460
2020,Feb,2,47,Gillnet,0.6,6730
2020,Feb,2,51,Gillnet,0.821,556
2020,Feb,2,52,Fyke,0.08,145
2020,Feb,2,52,Gillnet,1.189,1275
1998,Jan,1,47,Gillnet,7.786,12786
1998,Jan,1,51,Gillnet,8.558,15857
1998,Jan,1,52,Fyke,0.018,106
1998,Jan,1,52,Gillnet,29.768,27008
1999,Jan,1,47,Fyke,0.004,93
1999,Jan,1,47,Gillnet,0.596,12049
1999,Jan,1,51,Gillnet,2.181,6811
1999,Jan,1,52,Gillnet,4.414,16135
2000,Jan,1,47,Gillnet,3.383,15147
2000,Jan,1,51,Gillnet,5.644,14197
2000,Jan,1,52,Fyke,0.014,168
2000,Jan,1,52,Gillnet,8.97,17201
2000,Jan,1,52,Line,0.002,757
2001,Jan,1,47,Fyke,0.005,82
2001,Jan,1,47,Gillnet,6.923,22331
2001,Jan,1,51,Gillnet,7.497,21671
2001,Jan,1,52,Gillnet,8.378,28012
2002,Jan,1,47,Gillnet,2.992,26823
2002,Jan,1,51,Gillnet,1.464,15679
2002,Jan,1,52,Fyke,0.018,229
2002,Jan,1,52,Gillnet,2.904,13328
2003,Jan,1,47,Fyke,0.053,307
2003,Jan,1,47,Gillnet,7.464,49285
2003,Jan,1,51,Gillnet,8.439,35106
2003,Jan,1,52,Fyke,0.052,184
2003,Jan,1,52,Gillnet,8.59,25698
2004,Jan,1,47,Fyke,0.541,437
2004,Jan,1,47,Gillnet,10.813,37998
2004,Jan,1,51,Gillnet,2.984,17031
2004,Jan,1,52,Fyke,0.066,190
2004,Jan,1,52,Gillnet,8.422,19796
2004,Jan,1,52,Line,0.006,26
2005,Jan,1,47,Fyke,0.033,399
2005,Jan,1,47,Gillnet,9.952,17621
2005,Jan,1,51,Gillnet,1.307,4078
2005,Jan,1,52,Fyke,0.081,180
2005,Jan,1,52,Gillnet,5.729,15528
2005,Jan,1,52,Line,0.001,25
2006,Jan,1,47,Fyke,0.011,199
2006,Jan,1,47,Gillnet,7.271,34533
2006,Jan,1,51,Gillnet,4.101,9828
2006,Jan,1,52,Fyke,0.065,265
2006,Jan,1,52,Gillnet,5.431,17519
2007,Jan,1,47,Gillnet,5.761,23464
2007,Jan,1,51,Gillnet,1.489,3972
2007,Jan,1,52,Fyke,0.317,271
2007,Jan,1,52,Gillnet,8.095,15826
2008,Jan,1,47,Fyke,0.03,164
2008,Jan,1,47,Gillnet,3.223,15381
2008,Jan,1,51,Gillnet,0.679,1330
2008,Jan,1,52,Fyke,0.217,362
2008,Jan,1,52,Gillnet,5.869,12634
2009,Jan,1,47,Fyke,0.153,250
2009,Jan,1,47,Gillnet,7.01,24392
2009,Jan,1,51,Gillnet,0.826,5785
2009,Jan,1,52,Fyke,0.091,130
2009,Jan,1,52,Gillnet,3.258,9840
2010,Jan,1,47,Gillnet,3.236,37088
2010,Jan,1,51,Gillnet,0.643,10801
2010,Jan,1,52,Fyke,0.056,168
2010,Jan,1,52,Gillnet,3.855,21354
2011,Jan,1,47,Gillnet,5.943,43621
2011,Jan,1,51,Gillnet,0.406,7682
2011,Jan,1,52,Fyke,0.193,715
2011,Jan,1,52,Gillnet,4.7,19796
2012,Jan,1,47,Fyke,0.135,196
2012,Jan,1,47,Gillnet,10.351,19535
2012,Jan,1,51,Gillnet,3.139,4887
2012,Jan,1,52,Fyke,0.166,203
2012,Jan,1,52,Gillnet,6.322,8953
2013,Jan,1,47,Fyke,0.208,251
2013,Jan,1,47,Gillnet,7.594,29343
2013,Jan,1,51,Gillnet,0.158,4350
2013,Jan,1,52,Fyke,0.042,192
2013,Jan,1,52,Gillnet,5.435,12643
2014,Jan,1,47,Fyke,0.004,84
2014,Jan,1,47,Gillnet,8.436,21233
2014,Jan,1,51,Gillnet,2.016,3921
2014,Jan,1,52,Fyke,0.474,634
2014,Jan,1,52,Gillnet,3.794,9105
2015,Jan,1,47,Fyke,0.015,31
2015,Jan,1,47,Gillnet,4.04,18349
2015,Jan,1,51,Gillnet,1.048,1553
2015,Jan,1,52,Fyke,0.187,155
2015,Jan,1,52,Gillnet,1.424,3655
2016,Jan,1,47,Gillnet,5.946,21431
2016,Jan,1,51,Gillnet,0.105,2108
2016,Jan,1,52,Fyke,0.175,155
2016,Jan,1,52,Gillnet,3.945,9494
2017,Jan,1,47,Gillnet,4.435,20993
2017,Jan,1,51,Gillnet,0.497,1452
2017,Jan,1,52,Fyke,0.282,186
2017,Jan,1,52,Gillnet,1.654,7086
2018,Jan,1,47,Gillnet,2.509,11533
2018,Jan,1,51,Gillnet,0.128,210
2018,Jan,1,52,Fyke,0.042,155
2018,Jan,1,52,Gillnet,1.763,3745
2019,Jan,1,47,Fyke,0.004,31
2019,Jan,1,47,Gillnet,2.869,20834
2019,Jan,1,51,Gillnet,0.52,1990
2019,Jan,1,52,Fyke,0.06,155
2019,Jan,1,52,Gillnet,2.136,1839
2020,Jan,1,47,Gillnet,2.657,11062
2020,Jan,1,51,Gillnet,1.103,204
2020,Jan,1,52,Fyke,0.291,215
2020,Jan,1,52,Gillnet,2.25,1210
1998,Jul,7,47,Fyke,0.169,829
1998,Jul,7,47,Gillnet,0.281,2638
1998,Jul,7,47,Line,0.257,4045
1998,Jul,7,51,Fyke,0.002,42
1998,Jul,7,51,Gillnet,0.128,3670
1998,Jul,7,52,Fyke,0.062,271
1998,Jul,7,52,Gillnet,1.505,3088
1998,Jul,7,52,Others,0.012,61
1999,Jul,7,47,Fyke,0.043,267
1999,Jul,7,47,Gillnet,0.034,444
1999,Jul,7,51,Gillnet,0.047,2597
1999,Jul,7,52,Fyke,0.071,176
1999,Jul,7,52,Gillnet,0.74,3316
1999,Jul,7,52,Others,0.098,192
2000,Jul,7,47,Fyke,0.067,402
2000,Jul,7,47,Gillnet,0.057,1690
2000,Jul,7,51,Fyke,0.022,66
2000,Jul,7,51,Gillnet,0.02,746
2000,Jul,7,52,Fyke,0.028,225
2000,Jul,7,52,Gillnet,0.439,2406
2000,Jul,7,52,Others,0.01,252
2001,Jul,7,47,Fyke,0.058,502
2001,Jul,7,47,Gillnet,0.275,3154
2001,Jul,7,51,Gillnet,0.013,583
2001,Jul,7,52,Fyke,0.036,697
2001,Jul,7,52,Gillnet,0.29,2353
2002,Jul,7,47,Fyke,0.05,119
2002,Jul,7,47,Gillnet,0.068,1652
2002,Jul,7,51,Gillnet,0.032,1297
2002,Jul,7,51,Others,0.006,6
2002,Jul,7,52,Fyke,0.033,132
2002,Jul,7,52,Gillnet,0.571,2714
2003,Jul,7,47,Fyke,1.543,642
2003,Jul,7,47,Gillnet,0.869,8465
2003,Jul,7,47,Others,0.012,37
2003,Jul,7,51,Fyke,0.085,88
2003,Jul,7,51,Gillnet,0.127,1204
2003,Jul,7,52,Fyke,2.283,776
2003,Jul,7,52,Gillnet,1.625,4761
2004,Jul,7,47,Fyke,0.692,894
2004,Jul,7,47,Gillnet,1.096,5983
2004,Jul,7,47,Line,0.031,19
2004,Jul,7,51,Fyke,0.073,141
2004,Jul,7,51,Gillnet,0.123,1053
2004,Jul,7,52,Fyke,0.787,721
2004,Jul,7,52,Gillnet,1.5,6842
2005,Jul,7,47,Fyke,0.582,942
2005,Jul,7,47,Gillnet,0.784,9987
2005,Jul,7,47,Line,0.005,6
2005,Jul,7,51,Fyke,0.012,60
2005,Jul,7,51,Gillnet,0.15,2978
2005,Jul,7,52,Fyke,1.161,786
2005,Jul,7,52,Gillnet,1.067,5541
2006,Jul,7,47,Fyke,0.367,810
2006,Jul,7,47,Gillnet,0.429,7975
2006,Jul,7,47,Line,0.003,214
2006,Jul,7,51,Gillnet,0.015,563
2006,Jul,7,52,Fyke,1.885,702
2006,Jul,7,52,Gillnet,0.946,7446
2007,Jul,7,47,Fyke,0.294,274
2007,Jul,7,47,Gillnet,0.223,8749
2007,Jul,7,51,Gillnet,0.008,1144
2007,Jul,7,52,Fyke,1.978,559
2007,Jul,7,52,Gillnet,0.696,5599
2008,Jul,7,47,Fyke,0.136,522
2008,Jul,7,47,Gillnet,0.223,6967
2008,Jul,7,51,Fyke,0.065,60
2008,Jul,7,51,Gillnet,0.014,397
2008,Jul,7,52,Fyke,1.867,738
2008,Jul,7,52,Gillnet,0.63,5844
2009,Jul,7,47,Fyke,0.405,521
2009,Jul,7,47,Gillnet,0.216,7958
2009,Jul,7,51,Gillnet,0.005,251
2009,Jul,7,52,Fyke,1.403,889
2009,Jul,7,52,Gillnet,0.133,4091
2009,Jul,7,52,Line,0.045,7
2009,Jul,7,52,Others,0.01,1
2010,Jul,7,47,Fyke,0.189,420
2010,Jul,7,47,Gillnet,0.643,7961
2010,Jul,7,51,Gillnet,0.01,1074
2010,Jul,7,52,Fyke,2.852,1169
2010,Jul,7,52,Gillnet,0.356,4682
2011,Jul,7,47,Fyke,0.245,241
2011,Jul,7,47,Gillnet,0.408,6419
2011,Jul,7,47,Others,0.05,98
2011,Jul,7,51,Fyke,0.769,157
2011,Jul,7,51,Gillnet,0.001,193
2011,Jul,7,52,Fyke,0.973,375
2011,Jul,7,52,Gillnet,0.649,4843
2012,Jul,7,47,Fyke,0.665,481
2012,Jul,7,47,Gillnet,0.336,5807
2012,Jul,7,51,Fyke,0.019,143
2012,Jul,7,51,Gillnet,0.016,341
2012,Jul,7,52,Fyke,0.972,420
2012,Jul,7,52,Gillnet,0.256,5840
2013,Jul,7,47,Fyke,0.165,357
2013,Jul,7,47,Gillnet,0.185,3344
2013,Jul,7,47,Others,0.018,9
2013,Jul,7,51,Fyke,1.04,264
2013,Jul,7,51,Gillnet,0.02,161
2013,Jul,7,52,Fyke,0.554,256
2013,Jul,7,52,Gillnet,0.445,3914
2014,Jul,7,47,Fyke,0.103,280
2014,Jul,7,47,Gillnet,0.281,5040
2014,Jul,7,51,Fyke,0.467,154
2014,Jul,7,51,Gillnet,0.001,274
2014,Jul,7,51,Line,0.001,8
2014,Jul,7,52,Fyke,0.605,479
2014,Jul,7,52,Gillnet,0.081,2590
2015,Jul,7,47,Fyke,0.065,138
2015,Jul,7,47,Gillnet,0.301,3285
2015,Jul,7,51,Fyke,0.136,130
2015,Jul,7,52,Fyke,0.739,298
2015,Jul,7,52,Gillnet,0.186,3036
2016,Jul,7,47,Fyke,0.163,129
2016,Jul,7,47,Gillnet,0.124,3932
2016,Jul,7,51,Fyke,0.361,136
2016,Jul,7,51,Gillnet,0.001,20
2016,Jul,7,52,Fyke,0.577,257
2016,Jul,7,52,Gillnet,0.207,1403
2017,Jul,7,47,Fyke,0.145,199
2017,Jul,7,47,Gillnet,0.355,1710
2017,Jul,7,47,Line,0.02,150
2017,Jul,7,52,Fyke,0.614,312
2017,Jul,7,52,Gillnet,0.17,2512
2017,Jul,7,52,Others,0.015,5
2018,Jul,7,47,Fyke,0.023,50
2018,Jul,7,47,Gillnet,0.287,2624
2018,Jul,7,51,Gillnet,0.001,20
2018,Jul,7,52,Fyke,0.673,262
2018,Jul,7,52,Gillnet,0.104,1145
2019,Jul,7,47,Fyke,0.024,52
2019,Jul,7,47,Gillnet,0.185,3036
2019,Jul,7,51,Gillnet,0.051,720
2019,Jul,7,52,Fyke,0.635,246
2019,Jul,7,52,Gillnet,0.092,1118
2020,Jul,7,47,Fyke,0.003,14
2020,Jul,7,47,Gillnet,0.141,2812
2020,Jul,7,51,Gillnet,0.031,804
2020,Jul,7,52,Fyke,0.793,186
2020,Jul,7,52,Gillnet,0.221,1617
2020,Jul,7,52,Trawl,0.003,15
1998,Jun,6,47,Fyke,0.756,2205
1998,Jun,6,47,Gillnet,1.292,8214
1998,Jun,6,51,Fyke,0.029,106
1998,Jun,6,51,Gillnet,1.163,3604
1998,Jun,6,52,Fyke,0.487,803
1998,Jun,6,52,Gillnet,3.61,10841
1999,Jun,6,47,Fyke,1.012,2766
1999,Jun,6,47,Gillnet,0.256,3482
1999,Jun,6,47,Line,0.19,3330
1999,Jun,6,47,Others,0.007,37
1999,Jun,6,51,Fyke,0.048,100
1999,Jun,6,51,Gillnet,0.419,3379
1999,Jun,6,52,Fyke,0.168,466
1999,Jun,6,52,Gillnet,0.95,6198
2000,Jun,6,47,Fyke,1.051,2589
2000,Jun,6,47,Gillnet,0.319,4194
2000,Jun,6,51,Fyke,0.037,232
2000,Jun,6,51,Gillnet,0.425,4101
2000,Jun,6,52,Fyke,0.39,747
2000,Jun,6,52,Gillnet,1.754,8423
2001,Jun,6,47,Fyke,1.12,3367
2001,Jun,6,47,Gillnet,0.34,6509
2001,Jun,6,51,Fyke,0.037,467
2001,Jun,6,51,Gillnet,0.554,4533
2001,Jun,6,51,Trawl,0.003,2
2001,Jun,6,52,Fyke,0.309,307
2001,Jun,6,52,Gillnet,1.099,7926
2001,Jun,6,52,Others,0.003,1
2002,Jun,6,47,Fyke,1.301,2181
2002,Jun,6,47,Gillnet,0.307,8935
2002,Jun,6,47,Line,0.226,5181
2002,Jun,6,47,Trawl,0.09,2
2002,Jun,6,51,Fyke,0.158,249
2002,Jun,6,51,Gillnet,0.191,3395
2002,Jun,6,52,Fyke,0.397,341
2002,Jun,6,52,Gillnet,1.054,4919
2003,Jun,6,47,Fyke,7.819,4000
2003,Jun,6,47,Gillnet,3.021,18875
2003,Jun,6,47,Others,0.009,45
2003,Jun,6,51,Fyke,0.825,429
2003,Jun,6,51,Gillnet,3.018,6529
2003,Jun,6,52,Fyke,2.316,1616
2003,Jun,6,52,Gillnet,5.169,11443
2004,Jun,6,47,Fyke,7.505,3533
2004,Jun,6,47,Gillnet,1.248,8314
2004,Jun,6,51,Fyke,0.115,282
2004,Jun,6,51,Gillnet,2.109,6365
2004,Jun,6,52,Fyke,1.313,1425
2004,Jun,6,52,Gillnet,1.658,8169
2005,Jun,6,47,Fyke,3.367,4146
2005,Jun,6,47,Gillnet,3.243,11347
2005,Jun,6,47,Line,0.006,321
2005,Jun,6,51,Fyke,0.068,627
2005,Jun,6,51,Gillnet,1.584,7343
2005,Jun,6,52,Fyke,0.885,569
2005,Jun,6,52,Gillnet,2.512,10698
2006,Jun,6,47,Fyke,1.722,4537
2006,Jun,6,47,Gillnet,0.802,10670
2006,Jun,6,47,Others,0.096,9
2006,Jun,6,51,Fyke,0.478,359
2006,Jun,6,51,Gillnet,2.092,7936
2006,Jun,6,52,Fyke,1.211,731
2006,Jun,6,52,Gillnet,1.878,10852
2006,Jun,6,52,Others,0.004,1
2007,Jun,6,47,Fyke,1.058,2736
2007,Jun,6,47,Gillnet,0.882,6842
2007,Jun,6,51,Fyke,0.489,99
2007,Jun,6,51,Gillnet,0.521,3555
2007,Jun,6,52,Fyke,3.461,1208
2007,Jun,6,52,Gillnet,1.088,6785
2008,Jun,6,47,Fyke,1.513,2438
2008,Jun,6,47,Gillnet,0.776,6498
2008,Jun,6,47,Others,0.011,3978
2008,Jun,6,51,Fyke,0.126,308
2008,Jun,6,51,Gillnet,0.145,831
2008,Jun,6,52,Fyke,2.326,1369
2008,Jun,6,52,Gillnet,0.886,7089
2009,Jun,6,47,Fyke,0.815,2089
2009,Jun,6,47,Gillnet,0.706,10550
2009,Jun,6,51,Fyke,0.173,409
2009,Jun,6,51,Gillnet,0.143,2542
2009,Jun,6,52,Fyke,1.616,763
2009,Jun,6,52,Gillnet,1.112,8902
2009,Jun,6,52,Others,0.003,392
2010,Jun,6,47,Fyke,1.035,2254
2010,Jun,6,47,Gillnet,0.972,15985
2010,Jun,6,51,Fyke,0.045,32
2010,Jun,6,51,Gillnet,0.436,2164
2010,Jun,6,52,Fyke,2.599,1744
2010,Jun,6,52,Gillnet,1.782,9162
2011,Jun,6,47,Fyke,1.012,2109
2011,Jun,6,47,Gillnet,0.999,9217
2011,Jun,6,47,Line,0.016,14
2011,Jun,6,51,Fyke,0.935,189
2011,Jun,6,51,Gillnet,0.845,5050
2011,Jun,6,52,Fyke,2.207,827
2011,Jun,6,52,Gillnet,1.413,5786
2012,Jun,6,47,Fyke,1.987,3499
2012,Jun,6,47,Gillnet,0.423,3859
2012,Jun,6,51,Fyke,0.095,294
2012,Jun,6,51,Gillnet,1.099,4205
2012,Jun,6,52,Fyke,2.228,942
2012,Jun,6,52,Gillnet,1.072,6465
2013,Jun,6,47,Fyke,0.884,2208
2013,Jun,6,47,Gillnet,0.374,3665
2013,Jun,6,47,Line,0.123,5704
2013,Jun,6,47,Others,0.002,2273
2013,Jun,6,51,Fyke,0.953,258
2013,Jun,6,51,Gillnet,0.145,1117
2013,Jun,6,51,Trawl,0.003,1
2013,Jun,6,52,Fyke,1.849,934
2013,Jun,6,52,Gillnet,0.822,6508
2013,Jun,6,52,Trawl,0.003,1
2014,Jun,6,47,Fyke,0.471,1847
2014,Jun,6,47,Gillnet,0.269,6004
2014,Jun,6,47,Others,0.003,2054
2014,Jun,6,51,Fyke,0.393,185
2014,Jun,6,51,Gillnet,0.005,474
2014,Jun,6,52,Fyke,1.587,700
2014,Jun,6,52,Gillnet,0.364,4368
2014,Jun,6,52,Others,0.004,4
2015,Jun,6,47,Fyke,0.441,1476
2015,Jun,6,47,Gillnet,0.364,4284
2015,Jun,6,47,Others,0.003,1000
2015,Jun,6,51,Fyke,0.748,270
2015,Jun,6,51,Gillnet,0.135,453
2015,Jun,6,52,Fyke,1.169,519
2015,Jun,6,52,Gillnet,0.97,5647
2016,Jun,6,47,Fyke,1.52,2145
2016,Jun,6,47,Gillnet,0.069,609
2016,Jun,6,47,Others,0.002,1600
2016,Jun,6,51,Fyke,0.516,270
2016,Jun,6,51,Gillnet,0.024,132
2016,Jun,6,52,Fyke,1.32,685
2016,Jun,6,52,Gillnet,0.416,3298
2017,Jun,6,47,Fyke,0.951,1457
2017,Jun,6,47,Gillnet,0.242,1894
2017,Jun,6,51,Fyke,0.134,200
2017,Jun,6,51,Gillnet,0.199,562
2017,Jun,6,52,Fyke,1.702,518
2017,Jun,6,52,Gillnet,1.135,4019
2018,Jun,6,47,Fyke,0.728,1381
2018,Jun,6,47,Gillnet,0.142,1006
2018,Jun,6,51,Fyke,0.021,10
2018,Jun,6,52,Fyke,1.438,304
2018,Jun,6,52,Gillnet,0.649,1991
2019,Jun,6,47,Fyke,0.232,868
2019,Jun,6,47,Gillnet,0.015,590
2019,Jun,6,52,Fyke,1.762,625
2019,Jun,6,52,Gillnet,0.536,1834
2019,Jun,6,52,Others,0.028,10
2020,Jun,6,47,Fyke,0.15,1098
2020,Jun,6,47,Gillnet,1.13,3686
2020,Jun,6,51,Fyke,0.039,116
2020,Jun,6,52,Fyke,1.572,581
2020,Jun,6,52,Gillnet,1.009,3409
1998,Mar,3,47,Gillnet,2.205,15087
1998,Mar,3,51,Gillnet,2.141,9740
1998,Mar,3,52,Fyke,0.006,109
1998,Mar,3,52,Gillnet,5.079,16402
1999,Mar,3,47,Fyke,0.001,186
1999,Mar,3,47,Gillnet,1.035,21494
1999,Mar,3,51,Gillnet,1.69,16869
1999,Mar,3,52,Gillnet,2.346,17514
2000,Mar,3,47,Gillnet,3.11,25762
2000,Mar,3,51,Gillnet,2.165,17781
2000,Mar,3,52,Fyke,0.012,319
2000,Mar,3,52,Gillnet,4.53,17480
2001,Mar,3,47,Gillnet,0.997,18896
2001,Mar,3,51,Gillnet,0.823,16147
2001,Mar,3,52,Fyke,0.002,141
2001,Mar,3,52,Gillnet,2.009,13749
2002,Mar,3,47,Fyke,0.002,257
2002,Mar,3,47,Gillnet,1.78,19551
2002,Mar,3,51,Gillnet,0.83,12620
2002,Mar,3,52,Fyke,0.027,262
2002,Mar,3,52,Gillnet,2.317,11584
2003,Mar,3,47,Fyke,0.101,491
2003,Mar,3,47,Gillnet,4.734,37239
2003,Mar,3,51,Gillnet,4.709,36327
2003,Mar,3,52,Fyke,0.052,184
2003,Mar,3,52,Gillnet,6.589,24996
2004,Mar,3,47,Fyke,0.062,765
2004,Mar,3,47,Gillnet,7.312,40173
2004,Mar,3,51,Gillnet,3.731,26348
2004,Mar,3,52,Fyke,0.058,256
2004,Mar,3,52,Gillnet,7.104,29436
2005,Mar,3,47,Fyke,0.006,291
2005,Mar,3,47,Gillnet,5.563,32211
2005,Mar,3,51,Gillnet,2.929,26322
2005,Mar,3,52,Fyke,0.356,280
2005,Mar,3,52,Gillnet,3.672,24353
2006,Mar,3,47,Gillnet,3.739,46434
2006,Mar,3,51,Gillnet,0.82,17165
2006,Mar,3,52,Fyke,0.058,276
2006,Mar,3,52,Gillnet,3.988,24925
2007,Mar,3,47,Gillnet,4.229,33142
2007,Mar,3,51,Gillnet,1.589,12727
2007,Mar,3,52,Fyke,0.104,171
2007,Mar,3,52,Gillnet,5.758,22344
2008,Mar,3,47,Fyke,0.003,395
2008,Mar,3,47,Gillnet,8.893,20373
2008,Mar,3,51,Gillnet,0.995,3467
2008,Mar,3,52,Fyke,0.161,275
2008,Mar,3,52,Gillnet,9.963,18832
2009,Mar,3,47,Fyke,0.011,44
2009,Mar,3,47,Gillnet,2.497,37405
2009,Mar,3,51,Gillnet,0.263,8028
2009,Mar,3,52,Fyke,0.028,130
2009,Mar,3,52,Gillnet,3.507,20629
2010,Mar,3,47,Fyke,0.005,67
2010,Mar,3,47,Gillnet,1.312,28020
2010,Mar,3,47,Others,0.011,35
2010,Mar,3,51,Gillnet,0.359,7100
2010,Mar,3,52,Gillnet,2.837,24679
2011,Mar,3,47,Gillnet,2.678,29955
2011,Mar,3,51,Gillnet,0.653,6057
2011,Mar,3,52,Fyke,0.068,130
2011,Mar,3,52,Gillnet,2.373,18072
2012,Mar,3,47,Fyke,0.005,34
2012,Mar,3,47,Gillnet,4.408,34850
2012,Mar,3,51,Gillnet,1.545,9149
2012,Mar,3,52,Fyke,0.053,203
2012,Mar,3,52,Gillnet,3.623,12711
2013,Mar,3,47,Fyke,0.016,251
2013,Mar,3,47,Gillnet,2.46,28215
2013,Mar,3,51,Gillnet,0.181,4972
2013,Mar,3,52,Gillnet,3.371,14690
2014,Mar,3,47,Fyke,0.006,349
2014,Mar,3,47,Gillnet,3.647,18417
2014,Mar,3,51,Gillnet,0.354,5722
2014,Mar,3,52,Fyke,0.128,221
2014,Mar,3,52,Gillnet,3.566,17093
2015,Mar,3,47,Fyke,0.477,492
2015,Mar,3,47,Gillnet,10.154,28511
2015,Mar,3,51,Gillnet,1.687,5049
2015,Mar,3,52,Fyke,0.423,186
2015,Mar,3,52,Gillnet,8.02,21292
2016,Mar,3,47,Gillnet,1.224,10381
2016,Mar,3,51,Gillnet,0.467,1491
2016,Mar,3,52,Fyke,0.016,155
2016,Mar,3,52,Gillnet,1.751,8680
2017,Mar,3,47,Gillnet,1.92,10720
2017,Mar,3,47,Line,0.001,221
2017,Mar,3,51,Gillnet,0.862,2874
2017,Mar,3,52,Fyke,0.029,186
2017,Mar,3,52,Gillnet,2.317,12478
2018,Mar,3,47,Gillnet,1.627,18943
2018,Mar,3,51,Gillnet,0.264,816
2018,Mar,3,52,Fyke,0.02,155
2018,Mar,3,52,Gillnet,2.071,12902
2019,Mar,3,47,Gillnet,0.695,8114
2019,Mar,3,51,Gillnet,0.305,572
2019,Mar,3,52,Gillnet,1.404,5136
2019,Mar,3,52,Line,0.006,6
2020,Mar,3,47,Fyke,0.053,248
2020,Mar,3,47,Gillnet,5.563,14088
2020,Mar,3,51,Gillnet,1.241,1096
2020,Mar,3,52,Fyke,0.12,155
2020,Mar,3,52,Gillnet,3.747,4144
2020,Mar,3,52,Others,0.032,24
1998,May,5,47,Fyke,0.736,2604
1998,May,5,47,Gillnet,8.248,30229
1998,May,5,51,Fyke,3.574,310
1998,May,5,51,Gillnet,10.028,31309
1998,May,5,52,Fyke,0.36,618
1998,May,5,52,Gillnet,17.004,31820
1999,May,5,47,Fyke,0.935,3427
1999,May,5,47,Gillnet,2.779,28302
1999,May,5,51,Gillnet,5.898,33371
1999,May,5,52,Fyke,0.124,522
1999,May,5,52,Gillnet,4.277,25096
2000,May,5,47,Fyke,1.315,2792
2000,May,5,47,Gillnet,3.29,22427
2000,May,5,51,Fyke,0.089,375
2000,May,5,51,Gillnet,7.493,28927
2000,May,5,51,Trawl,0.002,1
2000,May,5,52,Fyke,0.508,944
2000,May,5,52,Gillnet,8.876,28838
2001,May,5,47,Fyke,0.964,2922
2001,May,5,47,Gillnet,1.978,23197
2001,May,5,51,Fyke,0.063,388
2001,May,5,51,Gillnet,4.233,23331
2001,May,5,52,Fyke,0.293,453
2001,May,5,52,Gillnet,6.845,26962
2002,May,5,47,Fyke,2.025,2590
2002,May,5,47,Gillnet,3.308,21355
2002,May,5,47,Trawl,0.1,4
2002,May,5,51,Fyke,0.414,502
2002,May,5,51,Gillnet,4.955,21659
2002,May,5,52,Fyke,0.625,548
2002,May,5,52,Gillnet,5.78,22501
2003,May,5,47,Fyke,4.045,3124
2003,May,5,47,Gillnet,20.228,58628
2003,May,5,47,Line,0.009,33
2003,May,5,51,Fyke,1.509,320
2003,May,5,51,Gillnet,18.197,34734
2003,May,5,52,Fyke,0.6,522
2003,May,5,52,Gillnet,17.01,43738
2004,May,5,47,Fyke,6.5,4034
2004,May,5,47,Gillnet,10.512,32165
2004,May,5,51,Fyke,0.515,291
2004,May,5,51,Gillnet,10.61,28275
2004,May,5,52,Fyke,0.665,640
2004,May,5,52,Gillnet,12.588,23746
2005,May,5,47,Fyke,4.816,4562
2005,May,5,47,Gillnet,18.555,45904
2005,May,5,47,Others,0.002,48
2005,May,5,51,Fyke,0.346,266
2005,May,5,51,Gillnet,8.137,30950
2005,May,5,52,Fyke,0.687,586
2005,May,5,52,Gillnet,11.91,29713
2006,May,5,47,Fyke,4.333,5330
2006,May,5,47,Gillnet,17.568,40641
2006,May,5,47,Others,0.059,6
2006,May,5,51,Fyke,0.648,391
2006,May,5,51,Gillnet,10.848,29232
2006,May,5,52,Fyke,1.426,501
2006,May,5,52,Gillnet,24.002,43013
2007,May,5,47,Fyke,1.204,2621
2007,May,5,47,Gillnet,6.511,31962
2007,May,5,51,Fyke,0.508,673
2007,May,5,51,Gillnet,5.951,18558
2007,May,5,52,Fyke,1.848,1127
2007,May,5,52,Gillnet,12.318,31879
2008,May,5,47,Fyke,1.697,3292
2008,May,5,47,Gillnet,4.288,25770
2008,May,5,51,Fyke,0.588,579
2008,May,5,51,Gillnet,2.892,15372
2008,May,5,52,Fyke,2.313,1093
2008,May,5,52,Gillnet,7.948,22633
2008,May,5,52,Others,0.001,48
2009,May,5,47,Fyke,1.055,3080
2009,May,5,47,Gillnet,5.647,27912
2009,May,5,51,Fyke,0.731,128
2009,May,5,51,Gillnet,2.403,17314
2009,May,5,52,Fyke,1.395,688
2009,May,5,52,Gillnet,8.027,30352
2009,May,5,52,Others,0.121,991
2010,May,5,47,Fyke,1.373,2981
2010,May,5,47,Gillnet,4.18,24753
2010,May,5,47,Trawl,0.432,23
2010,May,5,51,Fyke,0.23,13
2010,May,5,51,Gillnet,1.497,16011
2010,May,5,52,Fyke,2.957,855
2010,May,5,52,Gillnet,7.146,38009
2011,May,5,47,Fyke,3.081,3667
2011,May,5,47,Gillnet,7.55,26600
2011,May,5,47,Others,0.003,2097
2011,May,5,51,Fyke,0.707,111
2011,May,5,51,Gillnet,6.242,19826
2011,May,5,52,Fyke,2.642,977
2011,May,5,52,Gillnet,9.529,35260
2012,May,5,47,Fyke,1.208,3622
2012,May,5,47,Gillnet,6.491,22012
2012,May,5,47,Others,0.002,1962
2012,May,5,51,Gillnet,6.161,20316
2012,May,5,52,Fyke,3.11,925
2012,May,5,52,Gillnet,8.388,33381
2013,May,5,47,Fyke,4.047,3535
2013,May,5,47,Gillnet,8.337,29018
2013,May,5,47,Line,0.014,1664
2013,May,5,51,Fyke,0.257,192
2013,May,5,51,Gillnet,1.596,7507
2013,May,5,52,Fyke,2.587,783
2013,May,5,52,Gillnet,8.929,34130
2014,May,5,47,Fyke,0.43,3385
2014,May,5,47,Gillnet,3.797,22369
2014,May,5,47,Others,0.003,1541
2014,May,5,51,Fyke,0.201,155
2014,May,5,51,Gillnet,1,5524
2014,May,5,52,Fyke,2.177,1053
2014,May,5,52,Gillnet,3.263,16296
2014,May,5,52,Others,0.004,9
2015,May,5,47,Fyke,0.422,2606
2015,May,5,47,Gillnet,5.633,25591
2015,May,5,47,Others,0.004,900
2015,May,5,51,Fyke,0.1,31
2015,May,5,51,Gillnet,0.919,4536
2015,May,5,51,Trawl,0.001,3
2015,May,5,52,Fyke,1.454,577
2015,May,5,52,Gillnet,5.66,24908
2016,May,5,47,Fyke,0.672,2332
2016,May,5,47,Gillnet,4.686,23492
2016,May,5,47,Others,0.003,1200
2016,May,5,51,Fyke,0.17,93
2016,May,5,51,Gillnet,1.663,5151
2016,May,5,52,Fyke,2.462,768
2016,May,5,52,Gillnet,3.606,12820
2017,May,5,47,Fyke,5.761,2221
2017,May,5,47,Gillnet,6.581,21626
2017,May,5,47,Line,0.02,225
2017,May,5,51,Fyke,0.122,42
2017,May,5,51,Gillnet,2.277,7357
2017,May,5,52,Fyke,1.279,549
2017,May,5,52,Gillnet,7.771,21883
2018,May,5,47,Fyke,1.077,2293
2018,May,5,47,Gillnet,5.284,19859
2018,May,5,47,Line,0.01,375
2018,May,5,51,Fyke,0.474,326
2018,May,5,51,Gillnet,0.488,3880
2018,May,5,52,Fyke,1.409,517
2018,May,5,52,Gillnet,5.344,14270
2019,May,5,47,Fyke,0.389,2017
2019,May,5,47,Gillnet,3.567,22629
2019,May,5,51,Fyke,0.08,31
2019,May,5,51,Gillnet,0.471,2317
2019,May,5,52,Fyke,1.835,688
2019,May,5,52,Gillnet,6,9633
2019,May,5,52,Others,0.015,10
2020,May,5,47,Fyke,0.221,1360
2020,May,5,47,Gillnet,5.291,23456
2020,May,5,51,Gillnet,0.754,2352
2020,May,5,52,Fyke,1.301,471
2020,May,5,52,Gillnet,4.303,9074
1998,Nov,11,47,Gillnet,10.565,22150
1998,Nov,11,51,Gillnet,5.199,19653
1998,Nov,11,52,Fyke,0.047,281
1998,Nov,11,52,Gillnet,22.367,36529
1999,Nov,11,47,Fyke,0.001,40
1999,Nov,11,47,Gillnet,10.954,27747
1999,Nov,11,51,Gillnet,17.432,31875
1999,Nov,11,52,Fyke,0.009,100
1999,Nov,11,52,Gillnet,23.675,36953
2000,Nov,11,47,Fyke,0.003,81
2000,Nov,11,47,Gillnet,6.741,25070
2000,Nov,11,51,Gillnet,14.807,37164
2000,Nov,11,52,Fyke,0.09,419
2000,Nov,11,52,Gillnet,17.315,35102
2001,Nov,11,47,Fyke,0.027,49
2001,Nov,11,47,Gillnet,6.778,25440
2001,Nov,11,51,Gillnet,8.874,25222
2001,Nov,11,52,Fyke,0.045,172
2001,Nov,11,52,Gillnet,18.938,31844
2002,Nov,11,47,Fyke,0.013,205
2002,Nov,11,47,Gillnet,18.544,36384
2002,Nov,11,47,Others,0.176,25
2002,Nov,11,51,Gillnet,15.038,25826
2002,Nov,11,52,Fyke,0.129,281
2002,Nov,11,52,Gillnet,19.522,30134
2003,Nov,11,47,Fyke,0.091,108
2003,Nov,11,47,Gillnet,22.517,46794
2003,Nov,11,47,Others,0.112,18
2003,Nov,11,51,Gillnet,9.812,24645
2003,Nov,11,52,Fyke,0.102,200
2003,Nov,11,52,Gillnet,26.698,55770
2004,Nov,11,47,Fyke,0.257,594
2004,Nov,11,47,Gillnet,19.158,47200
2004,Nov,11,47,Others,0.086,42
2004,Nov,11,51,Gillnet,6.224,22365
2004,Nov,11,52,Fyke,0.237,262
2004,Nov,11,52,Gillnet,13.285,36508
2005,Nov,11,47,Fyke,0.495,387
2005,Nov,11,47,Gillnet,17.038,36738
2005,Nov,11,47,Others,0.289,28
2005,Nov,11,51,Fyke,0.334,32
2005,Nov,11,51,Gillnet,6.098,15592
2005,Nov,11,52,Fyke,0.501,298
2005,Nov,11,52,Gillnet,9.871,29760
2006,Nov,11,47,Fyke,0.009,32
2006,Nov,11,47,Gillnet,18.28,40901
2006,Nov,11,47,Others,0.064,34
2006,Nov,11,51,Fyke,0.009,9
2006,Nov,11,51,Gillnet,5.631,14500
2006,Nov,11,52,Fyke,0.937,419
2006,Nov,11,52,Gillnet,16.27,37502
2007,Nov,11,47,Fyke,0.225,115
2007,Nov,11,47,Gillnet,11.891,38785
2007,Nov,11,47,Others,0.006,4
2007,Nov,11,51,Fyke,0.41,31
2007,Nov,11,51,Gillnet,2.451,14746
2007,Nov,11,52,Fyke,0.922,553
2007,Nov,11,52,Gillnet,12.672,37440
2008,Nov,11,47,Fyke,0.09,55
2008,Nov,11,47,Gillnet,7.408,36899
2008,Nov,11,47,Others,0.021,38
2008,Nov,11,51,Fyke,0.333,25
2008,Nov,11,51,Gillnet,1.249,8438
2008,Nov,11,52,Fyke,0.705,412
2008,Nov,11,52,Gillnet,8.658,30831
2009,Nov,11,47,Fyke,1.014,265
2009,Nov,11,47,Gillnet,13.668,45281
2009,Nov,11,51,Fyke,0.154,944
2009,Nov,11,51,Gillnet,1.188,9220
2009,Nov,11,52,Fyke,1.191,409
2009,Nov,11,52,Gillnet,11.496,36603
2009,Nov,11,52,Others,0.215,19
2010,Nov,11,47,Fyke,0.314,39
2010,Nov,11,47,Gillnet,11.182,30181
2010,Nov,11,51,Gillnet,0.651,4842
2010,Nov,11,52,Fyke,0.997,489
2010,Nov,11,52,Gillnet,9.482,28664
2011,Nov,11,47,Fyke,1.903,189
2011,Nov,11,47,Gillnet,29.133,42513
2011,Nov,11,47,Line,0.233,28
2011,Nov,11,47,Others,0.814,92
2011,Nov,11,51,Gillnet,7.208,16650
2011,Nov,11,52,Fyke,0.584,294
2011,Nov,11,52,Gillnet,13.968,34488
2012,Nov,11,47,Fyke,0.48,442
2012,Nov,11,47,Gillnet,15.196,42439
2012,Nov,11,47,Others,0.12,24
2012,Nov,11,51,Gillnet,2.618,6678
2012,Nov,11,52,Fyke,0.985,347
2012,Nov,11,52,Gillnet,7.656,28698
2013,Nov,11,47,Fyke,0.118,295
2013,Nov,11,47,Gillnet,6.991,39052
2013,Nov,11,47,Others,0.018,20
2013,Nov,11,51,Gillnet,0.296,2370
2013,Nov,11,52,Fyke,0.85,500
2013,Nov,11,52,Gillnet,6.357,26066
2013,Nov,11,52,Others,0.005,2
2014,Nov,11,47,Fyke,0.087,279
2014,Nov,11,47,Gillnet,16.522,39879
2014,Nov,11,47,Line,0.003,139
2014,Nov,11,51,Gillnet,3.312,7025
2014,Nov,11,52,Fyke,1.884,610
2014,Nov,11,52,Gillnet,8.947,26624
2014,Nov,11,52,Others,0.009,35
2015,Nov,11,47,Fyke,0.396,895
2015,Nov,11,47,Gillnet,8.833,33683
2015,Nov,11,51,Gillnet,1.473,4496
2015,Nov,11,51,Others,0.001,2
2015,Nov,11,52,Fyke,1.118,440
2015,Nov,11,52,Gillnet,4.812,22835
2015,Nov,11,52,Others,0.01,8
2016,Nov,11,47,Fyke,0.007,48
2016,Nov,11,47,Gillnet,8.834,23723
2016,Nov,11,51,Gillnet,3.868,7711
2016,Nov,11,52,Fyke,0.347,255
2016,Nov,11,52,Gillnet,4.703,19414
2017,Nov,11,47,Fyke,0.002,31
2017,Nov,11,47,Gillnet,7.063,38328
2017,Nov,11,47,Line,0.01,200
2017,Nov,11,51,Gillnet,1.325,2257
2017,Nov,11,52,Fyke,0.417,268
2017,Nov,11,52,Gillnet,3.506,16715
2017,Nov,11,52,Others,0.045,6
2018,Nov,11,47,Fyke,0.01,42
2018,Nov,11,47,Gillnet,14.903,47685
2018,Nov,11,51,Fyke,0.009,30
2018,Nov,11,51,Gillnet,3.49,4160
2018,Nov,11,52,Fyke,0.382,180
2018,Nov,11,52,Gillnet,6.346,19712
2018,Nov,11,52,Others,0.04,10
2019,Nov,11,47,Fyke,0.024,108
2019,Nov,11,47,Gillnet,8.854,25803
2019,Nov,11,51,Fyke,0.048,60
2019,Nov,11,51,Gillnet,2.09,1250
2019,Nov,11,52,Fyke,0.22,154
2019,Nov,11,52,Gillnet,5.114,11015
2019,Nov,11,52,Others,0.035,8
2020,Nov,11,47,Fyke,0.006,150
2020,Nov,11,47,Gillnet,10.834,27222
2020,Nov,11,51,Gillnet,3.206,1120
2020,Nov,11,52,Fyke,0.285,180
2020,Nov,11,52,Gillnet,5.415,13682
1998,Oct,10,47,Fyke,0.006,73
1998,Oct,10,47,Gillnet,7.368,22282
1998,Oct,10,51,Gillnet,7.085,18823
1998,Oct,10,52,Fyke,0.055,280
1998,Oct,10,52,Gillnet,15.678,35042
1999,Oct,10,47,Fyke,0.015,77
1999,Oct,10,47,Gillnet,10.592,32701
1999,Oct,10,51,Gillnet,16.764,28744
1999,Oct,10,52,Fyke,0.043,275
1999,Oct,10,52,Gillnet,25.778,33981
2000,Oct,10,47,Fyke,0.005,84
2000,Oct,10,47,Gillnet,5.942,28660
2000,Oct,10,51,Gillnet,13.7,31128
2000,Oct,10,52,Fyke,0.092,379
2000,Oct,10,52,Gillnet,19.465,33405
2001,Oct,10,47,Fyke,0.046,228
2001,Oct,10,47,Gillnet,11.395,39052
2001,Oct,10,51,Gillnet,14.505,27223
2001,Oct,10,52,Fyke,0.053,175
2001,Oct,10,52,Gillnet,17.429,32505
2002,Oct,10,47,Fyke,0.062,262
2002,Oct,10,47,Gillnet,28.225,45821
2002,Oct,10,47,Others,0.041,23
2002,Oct,10,51,Gillnet,21.95,28401
2002,Oct,10,51,Trawl,1.887,15
2002,Oct,10,52,Fyke,0.074,389
2002,Oct,10,52,Gillnet,30.038,31310
2003,Oct,10,47,Fyke,0.125,351
2003,Oct,10,47,Gillnet,18.291,49036
2003,Oct,10,51,Gillnet,19.224,31228
2003,Oct,10,52,Fyke,0.161,288
2003,Oct,10,52,Gillnet,27.134,51312
2004,Oct,10,47,Fyke,0.267,489
2004,Oct,10,47,Gillnet,11.929,42856
2004,Oct,10,47,Others,0.206,35
2004,Oct,10,51,Gillnet,10.024,28115
2004,Oct,10,52,Fyke,0.185,357
2004,Oct,10,52,Gillnet,13.14,39097
2005,Oct,10,47,Fyke,0.348,459
2005,Oct,10,47,Gillnet,12.432,37892
2005,Oct,10,51,Fyke,0.229,23
2005,Oct,10,51,Gillnet,9.464,31697
2005,Oct,10,52,Fyke,0.352,457
2005,Oct,10,52,Gillnet,10.534,30639
2006,Oct,10,47,Fyke,0.065,178
2006,Oct,10,47,Gillnet,11.361,38996
2006,Oct,10,47,Others,0.07,60
2006,Oct,10,51,Fyke,0.15,213
2006,Oct,10,51,Gillnet,6.565,17264
2006,Oct,10,52,Fyke,0.59,487
2006,Oct,10,52,Gillnet,14.997,28691
2007,Oct,10,47,Fyke,0.088,206
2007,Oct,10,47,Gillnet,10.757,39970
2007,Oct,10,47,Others,0.028,9
2007,Oct,10,51,Fyke,0.028,34
2007,Oct,10,51,Gillnet,4.386,20487
2007,Oct,10,52,Fyke,0.636,559
2007,Oct,10,52,Gillnet,10.099,29154
2008,Oct,10,47,Fyke,0.681,126
2008,Oct,10,47,Gillnet,10.319,43042
2008,Oct,10,51,Gillnet,3.198,15396
2008,Oct,10,52,Fyke,0.786,254
2008,Oct,10,52,Gillnet,5.68,20948
2009,Oct,10,47,Fyke,0.629,293
2009,Oct,10,47,Gillnet,17.239,53012
2009,Oct,10,51,Gillnet,2.343,10296
2009,Oct,10,52,Fyke,0.567,387
2009,Oct,10,52,Gillnet,8.064,26617
2009,Oct,10,52,Others,0.231,17
2010,Oct,10,47,Fyke,0.122,90
2010,Oct,10,47,Gillnet,21.434,56389
2010,Oct,10,51,Gillnet,3.594,17734
2010,Oct,10,52,Fyke,0.6,525
2010,Oct,10,52,Gillnet,8.055,27111
2011,Oct,10,47,Fyke,0.253,230
2011,Oct,10,47,Gillnet,29.567,53877
2011,Oct,10,47,Line,0.077,4
2011,Oct,10,47,Others,0.185,97
2011,Oct,10,51,Gillnet,6.701,18244
2011,Oct,10,52,Fyke,0.865,278
2011,Oct,10,52,Gillnet,14.035,22860
2012,Oct,10,47,Fyke,0.356,289
2012,Oct,10,47,Gillnet,12.206,47111
2012,Oct,10,47,Others,0.027,20
2012,Oct,10,51,Gillnet,3.597,15166
2012,Oct,10,51,Others,0.04,12
2012,Oct,10,52,Fyke,0.324,350
2012,Oct,10,52,Gillnet,6.066,22322
2013,Oct,10,47,Fyke,0.362,518
2013,Oct,10,47,Gillnet,11.839,49279
2013,Oct,10,47,Others,0.013,5
2013,Oct,10,51,Gillnet,2.086,7044
2013,Oct,10,52,Fyke,0.638,541
2013,Oct,10,52,Gillnet,7.826,27891
2013,Oct,10,52,Trawl,0.003,1
2013,Oct,10,52,Others,0.006,4
2014,Oct,10,47,Fyke,0.149,222
2014,Oct,10,47,Gillnet,17.506,42338
2014,Oct,10,47,Others,0.02,7
2014,Oct,10,51,Fyke,0.154,32
2014,Oct,10,51,Gillnet,3.71,10223
2014,Oct,10,52,Fyke,1.079,483
2014,Oct,10,52,Gillnet,8.382,30413
2014,Oct,10,52,Others,0.022,14
2015,Oct,10,47,Fyke,0.168,778
2015,Oct,10,47,Gillnet,13.66,35175
2015,Oct,10,51,Gillnet,2.142,8105
2015,Oct,10,52,Fyke,1.215,540
2015,Oct,10,52,Gillnet,5.038,21418
2015,Oct,10,52,Others,0.002,3
2016,Oct,10,47,Fyke,0.178,350
2016,Oct,10,47,Gillnet,18.536,46086
2016,Oct,10,47,Others,0.005,12
2016,Oct,10,51,Gillnet,3.024,7473
2016,Oct,10,52,Fyke,0.705,300
2016,Oct,10,52,Gillnet,3.231,13954
2017,Oct,10,47,Fyke,0.078,326
2017,Oct,10,47,Gillnet,6.55,46010
2017,Oct,10,51,Gillnet,1.697,5598
2017,Oct,10,52,Fyke,0.333,234
2017,Oct,10,52,Gillnet,2.373,10431
2017,Oct,10,52,Others,0.01,4
2018,Oct,10,47,Fyke,0.134,301
2018,Oct,10,47,Gillnet,25.271,54277
2018,Oct,10,47,Line,0.015,450
2018,Oct,10,51,Fyke,0.024,62
2018,Oct,10,51,Gillnet,4.763,6770
2018,Oct,10,52,Fyke,0.325,204
2018,Oct,10,52,Gillnet,3.437,10021
2019,Oct,10,47,Fyke,0.085,371
2019,Oct,10,47,Gillnet,15.98,49409
2019,Oct,10,47,Line,0.01,400
2019,Oct,10,51,Fyke,0.02,62
2019,Oct,10,51,Gillnet,4.636,4840
2019,Oct,10,52,Fyke,0.282,236
2019,Oct,10,52,Gillnet,2.935,7501
2019,Oct,10,52,Others,0.014,8
2020,Oct,10,47,Fyke,0.034,454
2020,Oct,10,47,Gillnet,8.636,30315
2020,Oct,10,51,Gillnet,3.707,3352
2020,Oct,10,52,Fyke,0.667,229
2020,Oct,10,52,Gillnet,4.56,7041
1998,Sep,9,47,Fyke,0.014,176
1998,Sep,9,47,Gillnet,1.157,15837
1998,Sep,9,51,Gillnet,1.21,7847
1998,Sep,9,52,Fyke,0.032,188
1998,Sep,9,52,Gillnet,6.554,16374
1999,Sep,9,47,Fyke,0.052,347
1999,Sep,9,47,Gillnet,4.313,14761
1999,Sep,9,51,Gillnet,1.106,16507
1999,Sep,9,52,Fyke,0.013,133
1999,Sep,9,52,Gillnet,11.061,18929
2000,Sep,9,47,Fyke,0.012,176
2000,Sep,9,47,Gillnet,4.325,17186
2000,Sep,9,51,Gillnet,4.511,15903
2000,Sep,9,52,Fyke,0.067,300
2000,Sep,9,52,Gillnet,6.587,16991
2001,Sep,9,47,Fyke,0.063,317
2001,Sep,9,47,Gillnet,3.468,24003
2001,Sep,9,51,Gillnet,0.636,9624
2001,Sep,9,52,Fyke,0.013,102
2001,Sep,9,52,Gillnet,7.188,14699
2002,Sep,9,47,Fyke,0.067,509
2002,Sep,9,47,Gillnet,9.094,23607
2002,Sep,9,51,Gillnet,0.987,10281
2002,Sep,9,52,Fyke,0.061,226
2002,Sep,9,52,Gillnet,9.652,13944
2003,Sep,9,47,Fyke,0.112,480
2003,Sep,9,47,Gillnet,7.92,33065
2003,Sep,9,51,Gillnet,2.173,14262
2003,Sep,9,52,Fyke,0.081,314
2003,Sep,9,52,Gillnet,11.034,22953
2004,Sep,9,47,Fyke,0.303,664
2004,Sep,9,47,Gillnet,3.364,24013
2004,Sep,9,47,Line,0.007,14
2004,Sep,9,47,Others,0.002,141
2004,Sep,9,51,Gillnet,3.386,11701
2004,Sep,9,52,Fyke,0.111,134
2004,Sep,9,52,Gillnet,5.814,14857
2005,Sep,9,47,Fyke,0.162,548
2005,Sep,9,47,Gillnet,8.721,27446
2005,Sep,9,47,Others,0.021,11
2005,Sep,9,51,Gillnet,2.805,17429
2005,Sep,9,52,Fyke,0.163,252
2005,Sep,9,52,Gillnet,5.413,14201
2006,Sep,9,47,Fyke,0.064,264
2006,Sep,9,47,Gillnet,2.966,23708
2006,Sep,9,47,Others,0.08,11
2006,Sep,9,51,Gillnet,0.855,10211
2006,Sep,9,52,Fyke,0.126,477
2006,Sep,9,52,Gillnet,4.605,14583
2007,Sep,9,47,Fyke,0.053,237
2007,Sep,9,47,Gillnet,4.062,29526
2007,Sep,9,51,Fyke,0.006,19
2007,Sep,9,51,Gillnet,0.459,8032
2007,Sep,9,52,Fyke,0.108,290
2007,Sep,9,52,Gillnet,3.166,11837
2008,Sep,9,47,Fyke,0.06,295
2008,Sep,9,47,Gillnet,7.129,37079
2008,Sep,9,51,Gillnet,2.672,11979
2008,Sep,9,51,Line,0.219,1697
2008,Sep,9,52,Fyke,0.163,134
2008,Sep,9,52,Gillnet,4.195,13173
2009,Sep,9,47,Fyke,0.13,355
2009,Sep,9,47,Gillnet,4.354,35373
2009,Sep,9,51,Fyke,0.004,13
2009,Sep,9,51,Gillnet,0.627,8061
2009,Sep,9,52,Fyke,0.043,249
2009,Sep,9,52,Gillnet,3.56,10779
2009,Sep,9,52,Line,0.002,2
2010,Sep,9,47,Fyke,0.075,193
2010,Sep,9,47,Gillnet,5.532,42616
2010,Sep,9,51,Gillnet,1.304,12012
2010,Sep,9,52,Fyke,0.448,346
2010,Sep,9,52,Gillnet,5.824,13066
2010,Sep,9,52,Line,0.005,17
2011,Sep,9,47,Fyke,0.058,199
2011,Sep,9,47,Gillnet,5.951,37436
2011,Sep,9,47,Line,0.006,64
2011,Sep,9,51,Gillnet,1.38,13936
2011,Sep,9,52,Fyke,0.194,126
2011,Sep,9,52,Gillnet,7.47,13839
2012,Sep,9,47,Fyke,0.24,482
2012,Sep,9,47,Gillnet,3.13,38108
2012,Sep,9,51,Gillnet,0.772,12402
2012,Sep,9,52,Fyke,0.278,97
2012,Sep,9,52,Gillnet,3.728,12720
2013,Sep,9,47,Fyke,0.275,485
2013,Sep,9,47,Gillnet,4.34,27971
2013,Sep,9,47,Others,0.007,5
2013,Sep,9,51,Gillnet,0.654,5202
2013,Sep,9,52,Fyke,0.238,186
2013,Sep,9,52,Gillnet,3.686,15433
2014,Sep,9,47,Fyke,0.145,365
2014,Sep,9,47,Gillnet,4.111,31316
2014,Sep,9,47,Others,0.014,7
2014,Sep,9,51,Gillnet,0.413,6388
2014,Sep,9,52,Fyke,0.346,312
2014,Sep,9,52,Gillnet,4.207,14872
2014,Sep,9,52,Others,0.009,5
2015,Sep,9,47,Fyke,0.075,513
2015,Sep,9,47,Gillnet,2.505,21081
2015,Sep,9,51,Fyke,0.016,600
2015,Sep,9,51,Gillnet,0.288,5187
2015,Sep,9,52,Fyke,0.382,235
2015,Sep,9,52,Gillnet,1.851,8002
2016,Sep,9,47,Fyke,0.072,245
2016,Sep,9,47,Gillnet,3.643,28760
2016,Sep,9,51,Gillnet,1.189,3882
2016,Sep,9,52,Fyke,0.495,189
2016,Sep,9,52,Gillnet,2.265,4694
2016,Sep,9,52,Others,0.006,3
2017,Sep,9,47,Fyke,0.079,950
2017,Sep,9,47,Gillnet,1.945,23121
2017,Sep,9,51,Gillnet,0.252,3014
2017,Sep,9,52,Fyke,0.32,150
2017,Sep,9,52,Gillnet,0.726,3602
2017,Sep,9,52,Others,0.02,6
2018,Sep,9,47,Fyke,0.079,184
2018,Sep,9,47,Gillnet,3.078,27020
2018,Sep,9,51,Gillnet,0.33,3471
2018,Sep,9,52,Fyke,0.3,180
2018,Sep,9,52,Gillnet,1.12,3790
2018,Sep,9,52,Others,0.03,10
2019,Sep,9,47,Fyke,0.096,336
2019,Sep,9,47,Gillnet,1.985,24577
2019,Sep,9,51,Fyke,0.018,360
2019,Sep,9,51,Gillnet,0.218,2330
2019,Sep,9,52,Fyke,0.49,120
2019,Sep,9,52,Gillnet,1.116,2059
2019,Sep,9,52,Others,0.018,10
2020,Sep,9,47,Fyke,0.082,376
2020,Sep,9,47,Gillnet,2.77,26572
2020,Sep,9,51,Gillnet,0.351,2692
2020,Sep,9,52,Fyke,1.087,239
2020,Sep,9,52,Gillnet,0.941,1699
2020,Sep,9,52,Others,0.011,5